Model,Mean accuracy,Std,Min,Max
CSP + LDA,0.9711111111111111,0.05799105933644396,0.7777777777777778,1.0
CSP + SVM,0.9688888888888889,0.058962218495207115,0.7777777777777778,1.0
CSP + LogReg,0.9688888888888889,0.058962218495207115,0.7777777777777778,1.0
